t_s,phase,q1_deg,q2_deg,q3_deg,q4_deg,finger_travel_mm,tcp_x_m,tcp_y_m,tcp_z_m
0.05,1 Approach pick,0.01,86.07,-109.47,-66.59,0.00,0.2500,0.0001,0.2500
0.10,1 Approach pick,0.10,86.04,-109.47,-66.57,0.00,0.2501,0.0004,0.2499
0.15,1 Approach pick,0.33,85.97,-109.46,-66.52,0.00,0.2504,0.0014,0.2496
0.20,1 Approach pick,0.73,85.85,-109.43,-66.42,0.00,0.2508,0.0032,0.2492
0.25,1 Approach pick,1.36,85.66,-109.39,-66.26,0.00,0.2515,0.0060,0.2485
0.30,1 Approach pick,2.21,85.38,-109.33,-66.05,0.00,0.2524,0.0098,0.2476
0.35,1 Approach pick,3.31,85.01,-109.22,-65.79,0.00,0.2537,0.0147,0.2463
0.40,1 Approach pick,4.64,84.53,-109.07,-65.47,0.00,0.2552,0.0207,0.2448
0.45,1 Approach pick,6.18,83.93,-108.84,-65.10,0.00,0.2570,0.0278,0.2430
0.50,1 Approach pick,7.91,83.21,-108.52,-64.69,0.00,0.2590,0.0360,0.2410
0.55,1 Approach pick,9.80,82.34,-108.09,-64.25,0.00,0.2613,0.0451,0.2387
0.60,1 Approach pick,11.79,81.35,-107.54,-63.81,0.00,0.2638,0.0550,0.2362
0.65,1 Approach pick,13.84,80.23,-106.86,-63.37,0.00,0.2664,0.0657,0.2336
0.70,1 Approach pick,15.92,78.99,-106.04,-62.95,0.00,0.2692,0.0768,0.2308
0.75,1 Approach pick,17.98,77.65,-105.08,-62.58,0.00,0.2721,0.0883,0.2279
0.80,1 Approach pick,19.98,76.24,-103.98,-62.25,0.00,0.2750,0.1000,0.2250
0.85,1 Approach pick,21.89,74.77,-102.78,-61.99,0.00,0.2779,0.1117,0.2221
0.90,1 Approach pick,23.69,73.28,-101.48,-61.81,0.00,0.2808,0.1232,0.2192
0.95,1 Approach pick,25.35,71.80,-100.11,-61.69,0.00,0.2836,0.1343,0.2164
1.00,1 Approach pick,26.86,70.35,-98.72,-61.63,0.00,0.2862,0.1450,0.2138
1.05,1 Approach pick,28.21,68.97,-97.33,-61.64,0.00,0.2887,0.1549,0.2113
1.10,1 Approach pick,29.40,67.68,-95.99,-61.70,0.00,0.2910,0.1640,0.2090
1.15,1 Approach pick,30.43,66.51,-94.72,-61.79,0.00,0.2930,0.1722,0.2070
1.20,1 Approach pick,31.31,65.47,-93.57,-61.90,0.00,0.2948,0.1793,0.2052
1.25,1 Approach pick,32.02,64.59,-92.57,-62.02,0.00,0.2963,0.1853,0.2037
1.30,1 Approach pick,32.59,63.86,-91.73,-62.13,0.00,0.2976,0.1902,0.2024
1.35,1 Approach pick,33.03,63.29,-91.06,-62.23,0.00,0.2985,0.1940,0.2015
1.40,1 Approach pick,33.33,62.88,-90.58,-62.30,0.00,0.2992,0.1968,0.2008
1.45,1 Approach pick,33.53,62.61,-90.26,-62.35,0.00,0.2996,0.1986,0.2004
1.50,1 Approach pick,33.64,62.46,-90.08,-62.38,0.00,0.2999,0.1996,0.2001
1.55,1 Approach pick,33.68,62.40,-90.01,-62.39,0.00,0.3000,0.1999,0.2000
1.60,1 Approach pick,33.69,62.39,-90.00,-62.39,0.00,0.3000,0.2000,0.2000
1.65,2 Descend,33.69,62.38,-90.02,-62.35,0.00,0.3000,0.2000,0.1998
1.70,2 Descend,33.69,62.26,-90.17,-62.09,0.00,0.3000,0.2000,0.1985
1.75,2 Descend,33.69,61.98,-90.53,-61.45,0.00,0.3000,0.2000,0.1953
1.80,2 Descend,33.69,61.47,-91.12,-60.34,0.00,0.3000,0.2000,0.1899
1.85,2 Descend,33.69,60.69,-91.95,-58.74,0.00,0.3000,0.2000,0.1819
1.90,2 Descend,33.69,59.63,-92.96,-56.67,0.00,0.3000,0.2000,0.1715
1.95,2 Descend,33.69,58.26,-94.07,-54.19,0.00,0.3000,0.2000,0.1588
2.00,2 Descend,33.69,56.59,-95.19,-51.40,0.00,0.3000,0.2000,0.1444
2.05,2 Descend,33.69,54.66,-96.24,-48.42,0.00,0.3000,0.2000,0.1288
2.10,2 Descend,33.69,52.52,-97.12,-45.39,0.00,0.3000,0.2000,0.1125
2.15,2 Descend,33.69,50.25,-97.80,-42.45,0.00,0.3000,0.2000,0.0962
2.20,2 Descend,33.69,47.98,-98.27,-39.71,0.00,0.3000,0.2000,0.0806
2.25,2 Descend,33.69,45.80,-98.53,-37.28,0.00,0.3000,0.2000,0.0662
2.30,2 Descend,33.69,43.84,-98.62,-35.22,0.00,0.3000,0.2000,0.0535
2.35,2 Descend,33.69,42.18,-98.61,-33.57,0.00,0.3000,0.2000,0.0431
2.40,2 Descend,33.69,40.88,-98.54,-32.34,0.00,0.3000,0.2000,0.0351
2.45,2 Descend,33.69,39.99,-98.47,-31.52,0.00,0.3000,0.2000,0.0297
2.50,2 Descend,33.69,39.46,-98.41,-31.05,0.00,0.3000,0.2000,0.0265
2.55,2 Descend,33.69,39.25,-98.39,-30.86,0.00,0.3000,0.2000,0.0252
2.60,2 Descend,33.69,39.22,-98.39,-30.83,0.00,0.3000,0.2000,0.0250
2.65,3 Close gripper,33.69,39.22,-98.39,-30.83,0.08,0.3000,0.2000,0.0250
2.70,3 Close gripper,33.69,39.22,-98.39,-30.83,0.53,0.3000,0.2000,0.0250
2.75,3 Close gripper,33.69,39.22,-98.39,-30.83,1.55,0.3000,0.2000,0.0250
2.80,3 Close gripper,33.69,39.22,-98.39,-30.83,3.15,0.3000,0.2000,0.0250
2.85,3 Close gripper,33.69,39.22,-98.39,-30.83,5.20,0.3000,0.2000,0.0250
2.90,3 Close gripper,33.69,39.22,-98.39,-30.83,7.50,0.3000,0.2000,0.0250
2.95,3 Close gripper,33.69,39.22,-98.39,-30.83,9.80,0.3000,0.2000,0.0250
3.00,3 Close gripper,33.69,39.22,-98.39,-30.83,11.85,0.3000,0.2000,0.0250
3.05,3 Close gripper,33.69,39.22,-98.39,-30.83,13.45,0.3000,0.2000,0.0250
3.10,3 Close gripper,33.69,39.22,-98.39,-30.83,14.47,0.3000,0.2000,0.0250
3.15,3 Close gripper,33.69,39.22,-98.39,-30.83,14.92,0.3000,0.2000,0.0250
3.20,3 Close gripper,33.69,39.22,-98.39,-30.83,15.00,0.3000,0.2000,0.0250
3.25,4 Lift,33.69,39.25,-98.39,-30.86,15.00,0.3000,0.2000,0.0252
3.30,4 Lift,33.69,39.46,-98.41,-31.05,15.00,0.3000,0.2000,0.0265
3.35,4 Lift,33.69,39.99,-98.47,-31.52,15.00,0.3000,0.2000,0.0297
3.40,4 Lift,33.69,40.88,-98.54,-32.34,15.00,0.3000,0.2000,0.0351
3.45,4 Lift,33.69,42.18,-98.61,-33.57,15.00,0.3000,0.2000,0.0431
3.50,4 Lift,33.69,43.84,-98.62,-35.22,15.00,0.3000,0.2000,0.0535
3.55,4 Lift,33.69,45.80,-98.53,-37.28,15.00,0.3000,0.2000,0.0662
3.60,4 Lift,33.69,47.98,-98.27,-39.71,15.00,0.3000,0.2000,0.0806
3.65,4 Lift,33.69,50.25,-97.80,-42.45,15.00,0.3000,0.2000,0.0962
3.70,4 Lift,33.69,52.52,-97.12,-45.39,15.00,0.3000,0.2000,0.1125
3.75,4 Lift,33.69,54.66,-96.24,-48.42,15.00,0.3000,0.2000,0.1288
3.80,4 Lift,33.69,56.59,-95.19,-51.40,15.00,0.3000,0.2000,0.1444
3.85,4 Lift,33.69,58.26,-94.07,-54.19,15.00,0.3000,0.2000,0.1588
3.90,4 Lift,33.69,59.63,-92.96,-56.67,15.00,0.3000,0.2000,0.1715
3.95,4 Lift,33.69,60.69,-91.95,-58.74,15.00,0.3000,0.2000,0.1819
4.00,4 Lift,33.69,61.47,-91.12,-60.34,15.00,0.3000,0.2000,0.1899
4.05,4 Lift,33.69,61.98,-90.53,-61.45,15.00,0.3000,0.2000,0.1953
4.10,4 Lift,33.69,62.26,-90.17,-62.09,15.00,0.3000,0.2000,0.1985
4.15,4 Lift,33.69,62.38,-90.02,-62.35,15.00,0.3000,0.2000,0.1998
4.20,4 Lift,33.69,62.39,-90.00,-62.39,15.00,0.3000,0.2000,0.2000
4.25,5 Transfer,33.70,62.40,-90.01,-62.39,15.00,0.2999,0.2000,0.2000
4.30,5 Transfer,33.75,62.44,-90.08,-62.36,15.00,0.2995,0.2002,0.2000
4.35,5 Transfer,33.90,62.55,-90.26,-62.29,15.00,0.2985,0.2006,0.2000
4.40,5 Transfer,34.16,62.75,-90.58,-62.17,15.00,0.2966,0.2013,0.2000
4.45,5 Transfer,34.58,63.06,-91.09,-61.98,15.00,0.2936,0.2024,0.2000
4.50,5 Transfer,35.18,63.49,-91.78,-61.71,15.00,0.2894,0.2040,0.2000
4.55,5 Transfer,35.99,64.05,-92.67,-61.38,15.00,0.2838,0.2061,0.2000
4.60,5 Transfer,37.01,64.73,-93.75,-60.98,15.00,0.2768,0.2087,0.2000
4.65,5 Transfer,38.28,65.52,-95.00,-60.52,15.00,0.2684,0.2118,0.2000
4.70,5 Transfer,39.81,66.40,-96.38,-60.02,15.00,0.2586,0.2155,0.2000
4.75,5 Transfer,41.62,67.36,-97.87,-59.50,15.00,0.2474,0.2197,0.2000
4.80,5 Transfer,43.71,68.37,-99.40,-58.97,15.00,0.2348,0.2245,0.2000
4.85,5 Transfer,46.11,69.39,-100.93,-58.45,15.00,0.2209,0.2297,0.2000
4.90,5 Transfer,48.80,70.38,-102.41,-57.97,15.00,0.2059,0.2353,0.2000
4.95,5 Transfer,51.79,71.31,-103.77,-57.54,15.00,0.1899,0.2413,0.2000
5.00,5 Transfer,55.06,72.14,-104.97,-57.17,15.00,0.1730,0.2476,0.2000
5.05,5 Transfer,58.56,72.82,-105.95,-56.87,15.00,0.1554,0.2542,0.2000
5.10,5 Transfer,62.26,73.33,-106.67,-56.66,15.00,0.1373,0.2610,0.2000
5.15,5 Transfer,66.11,73.63,-107.09,-56.54,15.00,0.1187,0.2680,0.2000
5.20,5 Transfer,70.02,73.71,-107.21,-56.51,15.00,0.1000,0.2750,0.2000
5.25,5 Transfer,73.92,73.57,-107.00,-56.57,15.00,0.0813,0.2820,0.2000
5.30,5 Transfer,77.75,73.20,-106.48,-56.72,15.00,0.0627,0.2890,0.2000
5.35,5 Transfer,81.43,72.63,-105.67,-56.96,15.00,0.0446,0.2958,0.2000
5.40,5 Transfer,84.90,71.89,-104.61,-57.28,15.00,0.0270,0.3024,0.2000
5.45,5 Transfer,88.13,71.01,-103.33,-57.68,15.00,0.0101,0.3087,0.2000
5.50,5 Transfer,91.08,70.03,-101.89,-58.14,15.00,-0.0059,0.3147,0.2000
5.55,5 Transfer,93.74,69.00,-100.35,-58.65,15.00,-0.0209,0.3203,0.2000
5.60,5 Transfer,96.10,67.94,-98.75,-59.19,15.00,-0.0348,0.3255,0.2000
5.65,5 Transfer,98.16,66.90,-97.16,-59.75,15.00,-0.0474,0.3303,0.2000
5.70,5 Transfer,99.94,65.92,-95.62,-60.29,15.00,-0.0586,0.3345,0.2000
5.75,5 Transfer,101.44,65.01,-94.19,-60.82,15.00,-0.0684,0.3382,0.2000
5.80,5 Transfer,102.69,64.20,-92.91,-61.29,15.00,-0.0768,0.3413,0.2000
5.85,5 Transfer,103.69,63.50,-91.79,-61.71,15.00,-0.0838,0.3439,0.2000
5.90,5 Transfer,104.48,62.93,-90.88,-62.06,15.00,-0.0894,0.3460,0.2000
5.95,5 Transfer,105.07,62.49,-90.16,-62.33,15.00,-0.0936,0.3476,0.2000
6.00,5 Transfer,105.48,62.18,-89.64,-62.53,15.00,-0.0966,0.3487,0.2000
6.05,5 Transfer,105.74,61.97,-89.31,-62.66,15.00,-0.0985,0.3494,0.2000
6.10,5 Transfer,105.88,61.86,-89.13,-62.73,15.00,-0.0995,0.3498,0.2000
6.15,5 Transfer,105.94,61.82,-89.06,-62.76,15.00,-0.0999,0.3500,0.2000
6.20,5 Transfer,105.95,61.81,-89.05,-62.76,15.00,-0.1000,0.3500,0.2000
6.25,6 Lower,105.95,61.79,-89.07,-62.72,15.00,-0.1000,0.3500,0.1998
6.30,6 Lower,105.95,61.68,-89.22,-62.46,15.00,-0.1000,0.3500,0.1985
6.35,6 Lower,105.95,61.40,-89.57,-61.83,15.00,-0.1000,0.3500,0.1954
6.40,6 Lower,105.95,60.90,-90.16,-60.73,15.00,-0.1000,0.3500,0.1899
6.45,6 Lower,105.95,60.13,-90.99,-59.14,15.00,-0.1000,0.3500,0.1819
6.50,6 Lower,105.95,59.09,-92.00,-57.09,15.00,-0.1000,0.3500,0.1715
6.55,6 Lower,105.95,57.74,-93.11,-54.63,15.00,-0.1000,0.3500,0.1590
6.60,6 Lower,105.95,56.09,-94.22,-51.87,15.00,-0.1000,0.3500,0.1446
6.65,6 Lower,105.95,54.18,-95.26,-48.92,15.00,-0.1000,0.3500,0.1290
6.70,6 Lower,105.95,52.07,-96.15,-45.93,15.00,-0.1000,0.3500,0.1128
6.75,6 Lower,105.95,49.85,-96.83,-43.02,15.00,-0.1000,0.3500,0.0965
6.80,6 Lower,105.95,47.60,-97.29,-40.31,15.00,-0.1000,0.3500,0.0809
6.85,6 Lower,105.95,45.46,-97.56,-37.90,15.00,-0.1000,0.3500,0.0665
6.90,6 Lower,105.95,43.52,-97.66,-35.86,15.00,-0.1000,0.3500,0.0540
6.95,6 Lower,105.95,41.88,-97.65,-34.23,15.00,-0.1000,0.3500,0.0436
7.00,6 Lower,105.95,40.60,-97.58,-33.02,15.00,-0.1000,0.3500,0.0356
7.05,6 Lower,105.95,39.71,-97.51,-32.20,15.00,-0.1000,0.3500,0.0301
7.10,6 Lower,105.95,39.20,-97.46,-31.74,15.00,-0.1000,0.3500,0.0270
7.15,6 Lower,105.95,38.99,-97.43,-31.55,15.00,-0.1000,0.3500,0.0257
7.20,6 Lower,105.95,38.95,-97.43,-31.52,15.00,-0.1000,0.3500,0.0255
7.25,7 Open gripper,105.95,38.95,-97.43,-31.52,14.92,-0.1000,0.3500,0.0255
7.30,7 Open gripper,105.95,38.95,-97.43,-31.52,14.47,-0.1000,0.3500,0.0255
7.35,7 Open gripper,105.95,38.95,-97.43,-31.52,13.45,-0.1000,0.3500,0.0255
7.40,7 Open gripper,105.95,38.95,-97.43,-31.52,11.85,-0.1000,0.3500,0.0255
7.45,7 Open gripper,105.95,38.95,-97.43,-31.52,9.80,-0.1000,0.3500,0.0255
7.50,7 Open gripper,105.95,38.95,-97.43,-31.52,7.50,-0.1000,0.3500,0.0255
7.55,7 Open gripper,105.95,38.95,-97.43,-31.52,5.20,-0.1000,0.3500,0.0255
7.60,7 Open gripper,105.95,38.95,-97.43,-31.52,3.15,-0.1000,0.3500,0.0255
7.65,7 Open gripper,105.95,38.95,-97.43,-31.52,1.55,-0.1000,0.3500,0.0255
7.70,7 Open gripper,105.95,38.95,-97.43,-31.52,0.53,-0.1000,0.3500,0.0255
7.75,7 Open gripper,105.95,38.95,-97.43,-31.52,0.08,-0.1000,0.3500,0.0255
7.80,7 Open gripper,105.95,38.95,-97.43,-31.52,0.00,-0.1000,0.3500,0.0255
7.85,8 Retreat,105.95,38.99,-97.43,-31.55,0.00,-0.1000,0.3500,0.0257
7.90,8 Retreat,105.95,39.20,-97.46,-31.74,0.00,-0.1000,0.3500,0.0270
7.95,8 Retreat,105.95,39.71,-97.51,-32.20,0.00,-0.1000,0.3500,0.0301
8.00,8 Retreat,105.95,40.60,-97.58,-33.02,0.00,-0.1000,0.3500,0.0356
8.05,8 Retreat,105.95,41.88,-97.65,-34.23,0.00,-0.1000,0.3500,0.0436
8.10,8 Retreat,105.95,43.52,-97.66,-35.86,0.00,-0.1000,0.3500,0.0540
8.15,8 Retreat,105.95,45.46,-97.56,-37.90,0.00,-0.1000,0.3500,0.0665
8.20,8 Retreat,105.95,47.60,-97.29,-40.31,0.00,-0.1000,0.3500,0.0809
8.25,8 Retreat,105.95,49.85,-96.83,-43.02,0.00,-0.1000,0.3500,0.0965
8.30,8 Retreat,105.95,52.07,-96.15,-45.93,0.00,-0.1000,0.3500,0.1128
8.35,8 Retreat,105.95,54.18,-95.26,-48.92,0.00,-0.1000,0.3500,0.1290
8.40,8 Retreat,105.95,56.09,-94.22,-51.87,0.00,-0.1000,0.3500,0.1446
8.45,8 Retreat,105.95,57.74,-93.11,-54.63,0.00,-0.1000,0.3500,0.1590
8.50,8 Retreat,105.95,59.09,-92.00,-57.09,0.00,-0.1000,0.3500,0.1715
8.55,8 Retreat,105.95,60.13,-90.99,-59.14,0.00,-0.1000,0.3500,0.1819
8.60,8 Retreat,105.95,60.90,-90.16,-60.73,0.00,-0.1000,0.3500,0.1899
8.65,8 Retreat,105.95,61.40,-89.57,-61.83,0.00,-0.1000,0.3500,0.1954
8.70,8 Retreat,105.95,61.68,-89.22,-62.46,0.00,-0.1000,0.3500,0.1985
8.75,8 Retreat,105.95,61.79,-89.07,-62.72,0.00,-0.1000,0.3500,0.1998
8.80,8 Retreat,105.95,61.81,-89.05,-62.76,0.00,-0.1000,0.3500,0.2000
8.85,9 Return home,105.93,61.83,-89.08,-62.75,0.00,-0.0999,0.3499,0.2000
8.90,9 Return home,105.86,61.98,-89.30,-62.68,0.00,-0.0992,0.3492,0.2001
8.95,9 Return home,105.67,62.36,-89.86,-62.51,0.00,-0.0975,0.3475,0.2004
9.00,9 Return home,105.33,63.05,-90.86,-62.19,0.00,-0.0944,0.3444,0.2008
9.05,9 Return home,104.78,64.11,-92.37,-61.73,0.00,-0.0896,0.3396,0.2015
9.10,9 Return home,103.99,65.55,-94.41,-61.14,0.00,-0.0829,0.3329,0.2024
9.15,9 Return home,102.91,67.40,-96.96,-60.45,0.00,-0.0743,0.3243,0.2037
9.20,9 Return home,101.49,69.65,-99.94,-59.71,0.00,-0.0638,0.3138,0.2052
9.25,9 Return home,99.66,72.27,-103.28,-58.99,0.00,-0.0513,0.3013,0.2070
9.30,9 Return home,97.35,75.23,-106.85,-58.38,0.00,-0.0370,0.2870,0.2090
9.35,9 Return home,94.44,78.47,-110.52,-57.95,0.00,-0.0211,0.2711,0.2113
9.40,9 Return home,90.83,81.92,-114.13,-57.79,0.00,-0.0037,0.2537,0.2138
9.45,9 Return home,86.37,85.48,-117.52,-57.95,0.00,0.0149,0.2351,0.2164
9.50,9 Return home,80.93,89.00,-120.53,-58.47,0.00,0.0344,0.2156,0.2192
9.55,9 Return home,74.41,92.29,-123.01,-59.29,0.00,0.0545,0.1955,0.2221
9.60,9 Return home,66.80,95.13,-124.81,-60.32,0.00,0.0750,0.1750,0.2250
9.65,9 Return home,58.30,97.25,-125.85,-61.40,0.00,0.0955,0.1545,0.2279
9.70,9 Return home,49.30,98.48,-126.10,-62.37,0.00,0.1156,0.1344,0.2308
9.75,9 Return home,40.38,98.76,-125.61,-63.15,0.00,0.1351,0.1149,0.2336
9.80,9 Return home,32.08,98.20,-124.48,-63.72,0.00,0.1537,0.0963,0.2362
9.85,9 Return home,24.77,97.00,-122.86,-64.14,0.00,0.1711,0.0789,0.2387
9.90,9 Return home,18.62,95.41,-120.92,-64.49,0.00,0.1870,0.0630,0.2410
9.95,9 Return home,13.60,93.66,-118.84,-64.82,0.00,0.2013,0.0487,0.2430
10.00,9 Return home,9.62,91.92,-116.76,-65.16,0.00,0.2138,0.0362,0.2448
10.05,9 Return home,6.53,90.32,-114.82,-65.50,0.00,0.2243,0.0257,0.2463
10.10,9 Return home,4.19,88.95,-113.13,-65.82,0.00,0.2329,0.0171,0.2476
10.15,9 Return home,2.49,87.85,-111.75,-66.10,0.00,0.2396,0.0104,0.2485
10.20,9 Return home,1.32,87.04,-110.72,-66.32,0.00,0.2444,0.0056,0.2492
10.25,9 Return home,0.58,86.50,-110.03,-66.47,0.00,0.2475,0.0025,0.2496
10.30,9 Return home,0.18,86.20,-109.65,-66.56,0.00,0.2492,0.0008,0.2499
10.35,9 Return home,0.02,86.09,-109.49,-66.59,0.00,0.2499,0.0001,0.2500
10.40,9 Return home,0.00,86.07,-109.47,-66.60,0.00,0.2500,0.0000,0.2500
